{"cameraMode":{"drawMode":0,"name":"Shaded","section":"Shading Mode"},"sceneLighting":false,"audioPlay":false,"sceneViewState":{"showFog":true,"showMaterialUpdate":false,"showSkybox":true,"showFlares":true,"showImageEffects":true,"showParticleSystems":true},"in2DMode":false,"pivot":{"x":0.0016017556190490723,"y":4.329449653625488,"z":0.004839569330215454},"rotation":{"x":0.23762920498847962,"y":-0.4396078288555145,"z":0.12181292474269867,"w":0.8575774431228638},"size":4.43201208114624,"orthographic":false}